name,value,unit,source
ttw_co2_g_per_mj_diesel,74.22,g CO2/MJ,"derived inside the source: 3.169 kg CO2/kg diesel / 42.695 MJ/kg (EMEP/EEA GB 2023-Update 2025 ch. 1.A.3.b.i-iv, CO2-per-kg-fuel table and Tab. 3-28 default calorific values). B7 market fuel would give 3.144/42.32 = 74.3, i.e. <0.1 % apart"
wtt_co2e_g_per_mj_diesel,18.9,g CO2e/MJ,"NOT a guidebook value: JEC WTW v5 diesel B7 upstream (system-boundary parameter, METHODS-LOG 1.4)"
grid_co2e_g_per_mj_mid,112.78,g CO2e/MJ,"NOT a guidebook value: UBA CLIMATE CHANGE 16/2026 (Icha & Lauf, Mar 2026, DOI 10.60810/openumwelt-8399) Tab. 3, row THG-Emissionen des Stromverbrauchs MIT Vorketten, year 2025 (estimated) 406 g CO2e/kWh / 3.6. BOUNDARY: WTW, refers to electricity CONSUMPTION, so transmission losses are ALREADY included; charging losses are NOT (see charging_loss_share). Replaces the former single value 105.6 = 380 g/kWh, which was the DIRECT CO2 factor 2023 and therefore on a different boundary than the diesel side -- METHODS-LOG 2.55"
grid_co2e_g_per_mj_high,122.78,g CO2e/MJ,"NOT a guidebook value: same source and table as grid_co2e_g_per_mj_mid, year 2023 = 442 g CO2e/kWh (last final year) / 3.6 -- upper sweep point. METHODS-LOG 2.55"
grid_co2e_g_per_mj_low,15.0,g CO2e/MJ,"NOT a guidebook value: same source and table, row THG-Emissionen aus den Vorketten, year 2025 = 54 g CO2e/kWh / 3.6. This is a BOUND, NOT A SCENARIO: direct combustion set to zero, upstream left at the level of today. UBA publishes no citable 2045 electricity factor (checked 2026-09-03; its own 2026 projection leaves 212.5 Mt CO2e residual in 2045). A true renewables-mix upstream would have to be built from UBA CC 11/2026. METHODS-LOG 2.55"
charging_loss_share,0.07,fraction,"SETTING (user 2026-09-03): AC depot charging at 11 kW or more. ADAC measures 5.1-7.0 % at an 11 kW wallbox over five models (Renault R5 E-Tech 5.1 / Tesla Model Y 6.1 / Mercedes CLA 350 EQ 6.9 / VW ID.7 6.9 / Volvo EX30 7.0); the socket case 12.7-24.2 % is consumer charging and not our depot case. The EMEP BEV EC curve is VEHICLE-side consumption, so this loss sits between grid and battery and is applied ONLY in the CO2e chain -- ENERGY_MJ stays vehicle-side so that the ev_range_km_* derivation stays consistent with it. METHODS-LOG 2.55"
aux_load_share_bev,0.15,fraction,"SETTING (user 2026-09-08): constant BEV auxiliary load (cabin heating PLUS base auxiliaries: lights, blower, control units) as a share of traction energy, at ambient_temp_c = 10 degC. 0.15 of 9.2 kW traction power = 1.38 kW continuous. Band at 10 degC: heat pump 0.3-0.75 kW, resistive 0.8-1.5 kW, base auxiliaries 0.3-0.5 kW -- 1.38 kW is the SUM and sits in the upper half, which the door opening frequency of DRT service justifies (9148 rides plus 892 freight stops per day). NOT a heating-only figure. Applied ONLY to bev: a diesel takes cabin heat from waste heat. Applied per km although the physical effect is per hour -- all arms sit in a 36-38 km/h band, so this does not shift the arm comparison. Diesel has no counterpart because EMEP carries none. METHODS-LOG 2.57"
gwp_ch4,29.8,kg CO2e/kg,"NOT a guidebook value: IPCC AR6 GWP100 fossil methane"
gwp_n2o,273.0,kg CO2e/kg,"NOT a guidebook value: IPCC AR6 GWP100"
n2o_g_per_km_diesel_lcv,0.011,g/km,"EMEP/EEA GB ch. 1.A.3.b.i-iv Tab. 3-68 'Diesel passenger cars and LCVs', Euro 7: urban cold 9 / urban hot 11 / rural 4 / highway 4 mg/km. Urban hot chosen = conservative (highest hot value); no segment resolution in the source; rural 4 mg/km is the sensitivity lower bound"
tsp_tyre_g_per_km_n1_i,0.0107,g/km,"EMEP/EEA GB ch. 1.A.3.b.vi Tab. 3-4 tyre wear TSP, LCV (N1-I), quality code B"
tsp_tyre_g_per_km_n1_ii,0.0169,g/km,"EMEP/EEA GB ch. 1.A.3.b.vi Tab. 3-4 tyre wear TSP, LCV (N1-II, III) -- the source groups II and III into one row, hence the identical value"
tsp_tyre_g_per_km_n1_iii,0.0169,g/km,"EMEP/EEA GB ch. 1.A.3.b.vi Tab. 3-4 tyre wear TSP, LCV (N1-II, III) -- the source groups II and III into one row, hence the identical value"
tsp_brake_g_per_km_n1_i,0.0117,g/km,"EMEP/EEA GB ch. 1.A.3.b.vi Tab. 3-6 brake wear TSP, LCV (N1-I), quality code B"
tsp_brake_g_per_km_n1_ii,0.0155,g/km,"EMEP/EEA GB ch. 1.A.3.b.vi Tab. 3-6 brake wear TSP, LCV (N1-II), quality code B -- the brake table resolves all three N1 segments separately"
tsp_brake_g_per_km_n1_iii,0.0211,g/km,"EMEP/EEA GB ch. 1.A.3.b.vi Tab. 3-6 brake wear TSP, LCV (N1-III), quality code B -- the brake table resolves all three N1 segments separately"
tsp_road_g_per_km_n1_i,0.0150,g/km,"EMEP/EEA GB ch. 1.A.3.b.vii Tab. 3-8 road surface wear TSP, LCV (N1-I), quality code C-D (source calls these values highly uncertain)"
tsp_road_g_per_km_n1_ii,0.0210,g/km,"EMEP/EEA GB ch. 1.A.3.b.vii Tab. 3-8 road surface wear TSP, LCV (N1-II, III) -- source groups II and III; quality code C-D"
tsp_road_g_per_km_n1_iii,0.0210,g/km,"EMEP/EEA GB ch. 1.A.3.b.vii Tab. 3-8 road surface wear TSP, LCV (N1-II, III) -- source groups II and III; quality code C-D"
pm10_frac_tyre,0.600,fraction,"EMEP/EEA GB ch. 1.A.3.b.vi Tab. 3-5 mass fraction PM10 of TSP, tyre wear"
pm10_frac_brake,0.980,fraction,"EMEP/EEA GB ch. 1.A.3.b.vi Tab. 3-7 mass fraction PM10 of TSP, brake wear"
pm10_frac_road,0.50,fraction,"EMEP/EEA GB ch. 1.A.3.b.vii Tab. 3-9 mass fraction PM10 of TSP, road surface wear"
bev_tyre_mult,1.0841,factor,"guidebook-internal ICE->BEV ratio, medium passenger car: Tab. 3-4 BEV Medium 0.0116 / ICE Medium 0.0107. Applied to LCV because the source gives no BEV row for LCV -- a declared category transfer, no longer a free assumption"
bev_brake_mult,0.2113,factor,"guidebook-internal ICE->BEV ratio, medium passenger car: Tab. 3-6 BEV Medium 0.0030 / ICE Medium 0.0142. Physical basis in the source text: PMP friction-brake coefficient 0.17 for electric, combined with the higher WLTP vehicle mass"
bev_road_mult,1.1267,factor,"guidebook-internal ICE->BEV ratio, medium passenger car: Tab. 3-8 BEV Medium 0.0169 / ICE Medium 0.0150 (mass effect on road abrasion)"
kg_per_parcel,1.65,kg,"ASSUMPTION, deliberately rounded (user 2026-07-31). Order of magnitude supported by three sources: Amaral et al. 2026, 'Empirical analysis of e-commerce delivery operations: from parcels to tours', Transportation Research Part E, Tab. 1 -> mean 1.6478 kg (only measured mean; BRAZILIAN data, declared transfer); Rajendran & Harper 2021, 'Simulation-based algorithm for determining best package delivery alternatives under three criteria: Time, cost and sustainability', TRIP -> 1-350 lbs, >50 % under 5 lbs (no mean given); Mohri, Nassir, Lavieri & Thompson 2024, 'Modeling package delivery acceptance in Crowdshipping systems by Public Transportation Passengers: A latent class approach', Travel Behaviour and Society 35, 100716 -> 0.5-5 kg. MEAN not median - total on-board mass = n x mean; Amaral median 0.6950 would understate by 58 %. Plausible band on the mean 1.3-2.5 kg (~16 pp on the allocation share at 50 parcels)"
kg_per_passenger,80.0,kg,"SETTING, not a source: common road-transport convention, excl. luggage. Only the ratio to kg_per_parcel drives the allocation, so this weighs as much as the sourced parcel mass. Pure post-processing: changing it needs no sim rerun and leaves total_* unchanged"
slots_per_seat_equiv,2.5,slots/seat,"scenario-defined capacity equivalence for the alternative allocation basis: 20 parcel slots / 8 seats (1c vehicle); sensitivity companion to the mass basis"
ev_range_km_low,245.5,km,"NOT a guidebook value: Ford Tourneo Tourer, usable 70 kWh / 285.1 Wh/km = our measured traction consumption 247.9 Wh/km plus aux_load_share_bev. A range has to carry the auxiliaries because they draw from the same battery. The maker WLTP range of 370 km would imply 189 Wh/km, 34 % below our in-service figure -- WLTP is deliberately NOT used, see METHODS-LOG 2.56"
ev_range_km_mid,301.7,km,"NOT a guidebook value: VW ID.Buzz 6-seat, usable 86 kWh / 285.1 Wh/km -- see ev_range_km_low for the derivation"
ev_range_km_high,396.4,km,"NOT a guidebook value: Mercedes eSprinter, usable 113 kWh / 285.1 Wh/km. Cross-check of the EC channel is against the TRACTION figure, not this one: the maker 440 km (ADAC) implies 257 Wh/km against our 247.9 Wh/km traction, 3.5 % apart. The ADAC best-case range carries no heating, so comparing it to 285.1 would be the wrong pairing. METHODS-LOG 2.56"
coldstart_soak_min,60.0,min,"NOT a guidebook value: EPA (1994) defines a cold start as any start at least one hour after the end of the preceding trip, for catalyst-equipped vehicles. Our fleet is Euro 7 Diesel with DPF+SCR. Cited via Reiter & Kockelman 2016, Transportation Research Part D 43, 123-132, doi:10.1016/j.trd.2015.12.012"
ambient_temp_c,10.0,degC,"SETTING (user 2026-08-26): close to the German annual mean. Only RANGE 1 (t > 0) of emep_cold_factors.csv is valid at this value; a winter evaluation needs RANGE 2"
ltrip_km,12.4,km,"EMEP/EEA GB ch. 1.A.3.b.i-iv default trip length, middle of the calibrated band [8, 15] km. Only the COLD DISTANCE beta*ltrip is transferred, not beta itself -- our tours are ~99 km, where the beta formula is not evaluable (it turns negative). Cold distance over the valid band: 3.02 / 3.50 / 3.39 km at ltrip 8 / 12.4 / 15"
cold_beta_a0,0.6474,dimensionless,"EMEP/EEA GB ch. 1.A.3.b.i-iv Tab. 3-39, beta = a0 - a1*ltrip - (b0 - b1*ltrip)*ta"
cold_beta_a1,0.02545,1/km,"EMEP/EEA GB ch. 1.A.3.b.i-iv Tab. 3-39"
cold_beta_b0,0.00974,1/degC,"EMEP/EEA GB ch. 1.A.3.b.i-iv Tab. 3-39"
cold_beta_b1,0.000385,1/(km*degC),"EMEP/EEA GB ch. 1.A.3.b.i-iv Tab. 3-39"
cold_bc_co_a,0.2022,dimensionless,"EMEP/EEA GB ch. 1.A.3.b.i-iv Tab. 3-46, bc = a - b*ltrip (Euro 6+ beta reduction factor)"
cold_bc_co_b,0.0064,1/km,"EMEP/EEA GB ch. 1.A.3.b.i-iv Tab. 3-46"
cold_bc_nox_a,0.1719,dimensionless,"EMEP/EEA GB ch. 1.A.3.b.i-iv Tab. 3-46"
cold_bc_nox_b,0.0055,1/km,"EMEP/EEA GB ch. 1.A.3.b.i-iv Tab. 3-46"
cold_bc_voc_a,0.2398,dimensionless,"EMEP/EEA GB ch. 1.A.3.b.i-iv Tab. 3-46"
cold_bc_voc_b,0.0076,1/km,"EMEP/EEA GB ch. 1.A.3.b.i-iv Tab. 3-46"
charge_window_min_low,20.0,min,"SETTING (user 2026-08-26): a DRT vehicle can be re-dispatched at any moment, so a long STAY cannot be relied upon operationally. The SHORT windows are the ones there is any guarantee of -- hence a sweep, not the 60 min of the cold-start rule"
charge_window_min_mid,40.0,min,"SETTING (user 2026-08-26), see charge_window_min_low"
charge_window_min_high,60.0,min,"SETTING (user 2026-08-26), see charge_window_min_low. Numerically equal to coldstart_soak_min but justified differently -- do not merge the two constants"
