series,cap,replicate,tour_km,tour_h,cost_eur,vehicles,parcels,parcels_per_vehicle,utilization,worktime_only,capa_only,both,neither,total_tours,stem_def,stem_pct_network,stem_pct_provider_max,stem_in_pct_network,stem_out_pct_network
v1,30,,90569,6798.4,642097,3206,92938,29.0,0.9663,0,2872,0,334,3206,outbound_only,36.94,41.6,,
v1,40,,72966,6036.3,496408,2463,94285,38.3,0.957,0,2184,0,279,2463,outbound_only,34.96,40.0,,
v1,50,,62125,5581.5,406717,2002,94945,47.4,0.9485,0,1725,0,277,2002,outbound_only,33.37,38.1,,
v1,60,,54485,5271.7,346271,1687,95105,56.4,0.9396,0,1399,0,288,1687,outbound_only,32.18,38.1,,
v1,70,,49245,5074.1,305391,1475,95502,64.7,0.925,0,1193,0,282,1475,outbound_only,30.96,36.3,,
v1,80,,44408,4900.5,269592,1294,95874,74.1,0.9261,0,1038,0,256,1294,outbound_only,30.0,35.2,,
v1,90,,41044,4789.6,246020,1172,96043,81.9,0.9105,0,912,0,260,1172,outbound_only,29.5,35.1,,
v1,100,,38807,4701.3,226700,1065,96415,90.5,0.9053,0,820,2,243,1065,outbound_only,28.67,34.1,,
v1,110,,36855,4640.7,214219,996,96724,97.1,0.8828,1,709,1,285,996,outbound_only,28.65,33.6,,
v1,120,,36325,4629.2,213360,982,97046,98.8,0.8235,0,622,14,346,982,outbound_only,28.87,33.7,,
v1,130,,34684,4570.6,192303,879,97056,110.4,0.8494,2,547,57,273,879,outbound_only,27.28,31.5,,
v1,140,,33345,4539.3,193150,856,97185,113.5,0.811,4,422,103,327,856,outbound_only,27.39,32.0,,
v1,150,,32646,4518.6,177200,809,97189,120.1,0.8009,22,327,144,316,809,outbound_only,26.44,31.5,,
v1,160,,31751,4501.6,164953,766,97189,126.9,0.793,66,223,186,291,766,outbound_only,25.89,31.0,,
v1,170,,31437,4492.1,154535,725,97361,134.3,0.7899,115,133,212,265,725,outbound_only,25.57,30.3,,
v1,180,,30930,4478.1,147803,695,97520,140.3,0.7795,154,74,241,226,695,outbound_only,25.1,29.8,,
v1,190,,30595,4462.5,141990,672,97524,145.1,0.7638,224,37,195,216,672,outbound_only,24.83,28.8,,
v1,200,,30839,4470.8,143294,674,97510,144.7,0.7234,297,20,147,210,674,outbound_only,24.52,28.9,,
v1,210,,30299,4457.0,137960,652,97504,149.5,0.7121,358,9,106,179,652,outbound_only,24.39,28.4,,
v1,220,,29849,4427.0,139676,653,97510,149.3,0.6788,371,9,75,198,653,outbound_only,24.64,28.4,,
v1,230,,30007,4444.8,141437,650,97532,150.0,0.6524,400,4,52,194,650,outbound_only,24.32,28.1,,
v1,240,,30416,4460.3,139902,654,97521,149.1,0.6213,407,6,37,204,654,outbound_only,24.56,28.5,,
v1,250,,29742,4427.5,141845,652,97490,149.5,0.5981,410,3,42,197,652,outbound_only,24.28,27.4,,
v1,260,,31074,4485.0,146918,681,97413,143.0,0.5502,430,3,24,224,681,outbound_only,24.71,27.3,,
v1,270,,30270,4448.2,139861,647,97390,150.5,0.5575,430,2,30,185,647,outbound_only,24.0,27.1,,
v1,280,,31101,4488.1,144962,672,97462,145.0,0.518,432,0,19,221,672,outbound_only,24.14,27.1,,
v1,290,,30511,4457.1,139758,652,97439,149.4,0.5153,441,2,14,195,652,outbound_only,24.28,27.9,,
v1,300,,30811,4472.3,141953,662,97409,147.1,0.4905,449,0,11,202,662,outbound_only,24.43,27.8,,
v1,310,,31521,4496.1,144169,673,97478,144.8,0.4672,468,1,2,202,673,outbound_only,24.43,28.1,,
v1,320,,31419,4490.3,144344,673,97421,144.8,0.4524,459,1,5,208,673,outbound_only,24.6,27.7,,
v1,330,,31158,4487.1,141770,665,97370,146.4,0.4437,476,0,1,188,665,outbound_only,24.27,28.1,,
v1,340,,31248,4485.2,143283,674,97333,144.4,0.4247,460,1,4,209,674,outbound_only,24.46,28.3,,
v1,350,,31455,4486.9,144376,681,97161,142.7,0.4076,471,1,0,209,681,outbound_only,24.45,27.8,,
v1,360,,31189,4485.2,141707,663,97366,146.9,0.4079,469,0,1,193,663,outbound_only,24.27,28.3,,
v1,370,,31008,4479.6,141190,660,97389,147.6,0.3988,470,0,1,189,660,outbound_only,24.25,27.9,,
v1,380,,31239,4483.2,141879,665,97363,146.4,0.3853,469,0,1,195,665,outbound_only,24.4,28.0,,
v1,390,,31030,4477.4,141219,663,97358,146.8,0.3765,469,0,0,194,663,outbound_only,24.34,28.2,,
v1,400,,31161,4483.6,144473,681,97187,142.7,0.3568,455,0,1,225,681,outbound_only,24.39,28.1,,
v1,120,120_v2,35958,4614.5,204087,961,97069,101.0,0.8417,7,597,13,344,961,outbound_only,28.28,33.4,,
v2,30,,93835,7094.8,672391,3357,97553,29.1,0.9687,0,3047,0,310,3357,outbound_only,37.27,42.0,,
v2,40,,75102,6175.1,512396,2545,97555,38.3,0.9583,0,2253,0,292,2545,outbound_only,35.3,39.6,,
v2,50,,63294,5643.2,418284,2055,97555,47.5,0.9494,0,1774,0,281,2055,outbound_only,33.62,38.4,,
v2,60,,55185,5326.1,354297,1727,97556,56.5,0.9415,0,1452,0,275,1727,outbound_only,32.18,37.2,,
v2,70,,49508,5119.8,309810,1499,97546,65.1,0.9296,0,1236,0,263,1499,outbound_only,31.22,36.4,,
v2,80,,45001,4955.3,273847,1315,97553,74.2,0.9273,0,1065,0,250,1315,outbound_only,30.3,35.7,,
v2,90,,41904,4828.7,251859,1191,97557,81.9,0.9101,0,932,0,259,1191,outbound_only,29.5,35.3,,
v2,100,,38847,4723.1,227670,1077,97557,90.6,0.9058,0,829,0,248,1077,outbound_only,28.83,33.9,,
v2,110,,37552,4669.4,217648,1025,97538,95.2,0.8651,0,716,2,307,1025,outbound_only,28.81,33.6,,
v2,120,,36321,4621.1,210880,973,97545,100.3,0.8354,0,631,13,329,973,outbound_only,28.85,33.6,,
v2,130,,34690,4579.9,197427,906,97530,107.6,0.8281,0,550,48,308,906,outbound_only,27.88,32.3,,
v2,140,,33505,4544.4,187390,851,97545,114.6,0.8187,4,439,101,307,851,outbound_only,27.18,30.9,,
v2,150,,31968,4500.2,176890,806,97525,121.0,0.8067,24,338,128,316,806,outbound_only,26.61,31.8,,
v2,160,,31154,4467.4,159300,738,97514,132.1,0.8258,63,258,164,253,738,outbound_only,25.65,31.0,,
v2,170,,31419,4486.5,157788,741,97514,131.6,0.7741,106,134,217,284,741,outbound_only,25.77,30.5,,
v2,180,,31175,4476.4,150399,708,97532,137.8,0.7653,143,77,235,253,708,outbound_only,25.18,29.5,,
v2,190,,30995,4467.7,141558,671,97531,145.4,0.765,222,39,204,206,671,outbound_only,24.69,28.9,,
v2,200,,31099,4483.5,145180,686,97508,142.1,0.7107,308,17,140,221,686,outbound_only,24.63,28.4,,
v2,210,,30406,4462.5,139981,655,97520,148.9,0.709,338,10,111,196,655,outbound_only,24.43,28.4,,
v2,220,,30168,4455.4,141237,661,97509,147.5,0.6705,383,8,79,191,661,outbound_only,24.55,28.8,,
v2,230,,30282,4449.2,142013,663,97528,147.1,0.6396,401,4,46,212,663,outbound_only,24.59,28.0,,
v2,240,,30058,4437.5,139425,644,97502,151.4,0.6308,410,5,45,184,644,outbound_only,24.31,28.3,,
v2,250,,29917,4445.5,140197,642,97499,151.9,0.6075,418,5,37,182,642,outbound_only,24.15,27.1,,
v2,260,,30353,4450.0,141075,654,97492,149.1,0.5733,426,4,24,200,654,outbound_only,24.26,27.2,,
v2,270,,30344,4452.5,142087,654,97456,149.0,0.5519,418,3,26,207,654,outbound_only,24.31,27.1,,
v2,280,,30445,4451.1,142329,652,97463,149.5,0.5339,430,1,28,193,652,outbound_only,24.27,27.3,,
v2,290,,30467,4462.5,141308,661,97423,147.4,0.5082,440,0,14,207,661,outbound_only,24.26,27.5,,
v2,300,,30531,4459.7,140930,653,97433,149.2,0.4974,454,0,12,187,653,outbound_only,24.03,27.7,,
v2,310,,30738,4471.4,139783,650,97448,149.9,0.4836,461,1,7,181,650,outbound_only,24.07,27.8,,
v2,320,,30676,4465.6,139641,650,97436,149.9,0.4684,460,0,7,183,650,outbound_only,24.03,28.0,,
v2,330,,31594,4493.6,143080,671,97410,145.2,0.4399,462,1,1,207,671,outbound_only,24.66,28.1,,
v2,340,,30859,4476.3,141712,663,97363,146.9,0.4319,463,1,1,198,663,outbound_only,24.36,28.1,,
v2,350,,30949,4483.8,140770,656,97440,148.5,0.4244,478,0,0,178,656,outbound_only,24.13,28.1,,
v2,360,,30954,4467.2,141049,657,97377,148.2,0.4117,467,1,0,189,657,outbound_only,24.22,28.1,,
v2,370,,30951,4473.6,143167,666,97446,146.3,0.3954,458,0,2,206,666,outbound_only,24.19,28.1,,
v2,380,,31248,4481.0,143173,667,97366,146.0,0.3841,465,0,1,201,667,outbound_only,24.71,28.4,,
v2,390,,30897,4469.9,140586,661,97193,147.0,0.377,468,0,0,193,661,outbound_only,24.24,28.0,,
v2,400,,31163,4468.8,141339,670,96964,144.7,0.3618,472,0,0,198,670,outbound_only,24.57,27.9,,
v3,30,,93930,7089.9,672195,3357,97554,29.1,0.9687,0,3048,0,309,3357,outbound_only,37.15,42.2,,
v3,40,,75080,6184.0,513820,2545,97555,38.3,0.9583,0,2251,0,294,2545,outbound_only,35.32,39.5,,
v3,50,,63634,5689.9,420248,2059,97555,47.4,0.9476,0,1762,0,297,2059,outbound_only,33.57,37.9,,
v3,60,,54830,5327.7,353260,1727,97555,56.5,0.9415,0,1451,0,276,1727,outbound_only,32.67,38.1,,
v3,70,,49417,5112.7,311014,1503,97548,64.9,0.9272,0,1220,0,283,1503,outbound_only,31.41,36.6,,
v3,80,,45060,4948.1,274252,1315,97552,74.2,0.9273,0,1067,0,248,1315,outbound_only,30.22,34.7,,
v3,90,,41947,4840.5,249767,1191,97554,81.9,0.9101,0,921,0,270,1191,outbound_only,29.68,35.0,,
v3,100,,38596,4710.3,228826,1078,97557,90.5,0.905,0,819,0,259,1078,outbound_only,29.02,34.0,,
v3,110,,37125,4661.2,218082,1009,97553,96.7,0.8789,0,732,1,276,1009,outbound_only,28.84,33.9,,
v3,120,,36257,4633.9,210164,968,97542,100.8,0.8397,1,626,13,328,968,outbound_only,28.56,33.1,,
v3,130,,35346,4599.4,201126,919,97481,106.1,0.8159,1,524,45,349,919,outbound_only,28.3,31.8,,
v3,140,,32862,4521.6,181746,823,97542,118.5,0.8466,6,437,104,276,823,outbound_only,26.85,31.1,,
v3,150,,32867,4526.7,178130,809,97539,120.6,0.8038,26,342,133,308,809,outbound_only,26.31,30.8,,
v3,160,,31629,4498.2,165127,761,97528,128.2,0.801,68,231,183,279,761,outbound_only,25.78,30.7,,
v3,170,,31446,4487.3,156660,735,97530,132.7,0.7806,104,141,218,272,735,outbound_only,25.52,30.1,,
v3,180,,31135,4485.5,150323,711,97553,137.2,0.7623,161,68,230,252,711,outbound_only,25.1,29.6,,
v3,190,,30666,4462.7,142816,673,97516,144.9,0.7626,231,35,204,203,673,outbound_only,24.81,29.2,,
v3,200,,30119,4450.7,140330,662,97536,147.3,0.7367,304,17,143,198,662,outbound_only,24.63,28.7,,
v3,210,,30526,4458.4,141838,662,97512,147.3,0.7014,346,9,111,196,662,outbound_only,24.86,28.5,,
v3,220,,29911,4438.5,142070,657,97523,148.4,0.6747,370,6,83,198,657,outbound_only,24.5,28.7,,
v3,230,,30384,4447.8,143950,663,97503,147.1,0.6394,395,5,57,206,663,outbound_only,24.73,28.4,,
v3,240,,30365,4453.1,140444,655,97482,148.8,0.6201,425,5,36,189,655,outbound_only,24.64,28.2,,
v3,250,,30703,4469.4,143362,663,97457,147.0,0.588,422,4,34,203,663,outbound_only,24.82,28.5,,
v3,260,,29928,4436.4,140358,642,97471,151.8,0.5839,416,3,38,185,642,outbound_only,24.03,27.1,,
v3,270,,30295,4451.5,143332,663,97462,147.0,0.5445,413,3,29,218,663,outbound_only,24.28,27.2,,
v3,280,,30253,4449.7,140026,644,97422,151.3,0.5403,435,2,19,188,644,outbound_only,24.04,26.9,,
v3,290,,30800,4458.0,141407,655,97350,148.6,0.5125,431,1,21,202,655,outbound_only,24.57,27.4,,
v3,300,,30926,4477.1,141412,658,97417,148.1,0.4935,450,0,11,197,658,outbound_only,24.22,27.6,,
v3,310,,31308,4486.0,143331,674,97326,144.4,0.4658,459,1,4,210,674,outbound_only,24.62,28.0,,
v3,320,,31076,4479.3,141466,666,97466,146.3,0.4573,456,1,7,202,666,outbound_only,24.26,28.2,,
v3,330,,30857,4466.2,140798,658,97373,148.0,0.4484,464,1,2,191,658,outbound_only,24.18,27.9,,
v3,340,,31302,4489.3,141719,666,97458,146.3,0.4304,470,1,1,194,666,outbound_only,24.23,28.3,,
v3,350,,30964,4472.2,141013,660,97425,147.6,0.4218,458,0,1,201,660,outbound_only,24.43,27.8,,
v3,360,,31141,4482.1,141718,661,97403,147.4,0.4093,470,0,0,191,661,outbound_only,24.17,28.2,,
v3,370,,31266,4474.2,143376,675,96999,143.7,0.3884,468,0,0,207,675,outbound_only,24.51,27.8,,
v3,380,,30835,4464.8,142164,666,97209,146.0,0.3841,469,0,1,196,666,outbound_only,24.35,27.7,,
v3,390,,30772,4472.7,141413,665,97402,146.5,0.3756,465,0,1,199,665,outbound_only,24.27,28.0,,
v3,400,,30504,4461.0,140940,657,97428,148.3,0.3707,471,0,1,185,657,outbound_only,24.14,28.2,,
v4,30,,93793,7028.4,671448,3356,97554,29.1,0.969,0,3038,0,318,3356,outbound_only,37.37,42.2,,
v4,40,,74984,6156.0,514372,2550,97555,38.3,0.9564,0,2255,0,295,2550,outbound_only,35.38,39.7,,
v4,50,,63512,5681.3,419813,2058,97557,47.4,0.9481,0,1768,0,290,2058,outbound_only,33.74,38.8,,
v4,60,,54753,5336.4,354462,1730,97556,56.4,0.9398,0,1434,0,296,1730,outbound_only,32.61,37.9,,
v4,70,,49629,5139.5,312553,1503,97548,64.9,0.9272,0,1230,0,273,1503,outbound_only,31.47,36.3,,
v4,80,,45400,4972.0,272805,1317,97553,74.1,0.9259,2,1066,0,249,1317,outbound_only,30.1,35.1,,
v4,90,,42521,4860.7,255010,1206,97556,80.9,0.8988,0,925,1,280,1206,outbound_only,30.0,35.1,,
v4,100,,39030,4721.5,229757,1087,97554,89.7,0.8975,0,833,0,254,1087,outbound_only,28.8,33.7,,
v4,110,,37147,4662.2,218249,1011,97543,96.5,0.8771,0,722,3,286,1011,outbound_only,28.73,33.7,,
v4,120,,36769,4648.3,213213,993,97536,98.2,0.8185,0,624,16,353,993,outbound_only,29.08,33.6,,
v4,130,,35448,4601.7,204341,933,97545,104.5,0.8042,1,550,43,339,933,outbound_only,27.97,31.3,,
v4,140,,32835,4512.2,186863,836,97545,116.7,0.8334,5,433,95,303,836,outbound_only,26.98,31.4,,
v4,150,,33221,4547.7,187264,865,97459,112.7,0.7511,25,322,129,389,865,outbound_only,27.24,31.4,,
v4,160,,31322,4481.9,162505,745,97531,130.9,0.8182,69,252,171,253,745,outbound_only,25.7,30.9,,
v4,170,,31292,4481.3,156227,736,97506,132.5,0.7793,98,125,224,289,736,outbound_only,25.75,30.5,,
v4,180,,30932,4470.6,148524,693,97537,140.7,0.7819,146,82,240,225,693,outbound_only,25.03,30.1,,
v4,190,,30608,4462.6,143871,682,97509,143.0,0.7525,221,39,193,229,682,outbound_only,24.98,29.0,,
v4,200,,31147,4489.4,148568,705,97495,138.3,0.6915,307,16,135,247,705,outbound_only,25.07,28.6,,
v4,210,,30902,4473.9,143146,666,97480,146.4,0.697,344,13,101,208,666,outbound_only,24.53,28.3,,
v4,220,,30087,4436.9,142244,663,97505,147.1,0.6685,365,7,91,200,663,outbound_only,24.5,28.7,,
v4,230,,30422,4452.2,146531,681,97455,143.1,0.6222,391,4,56,230,681,outbound_only,24.83,28.7,,
v4,240,,30816,4470.0,145113,666,97494,146.4,0.6099,398,5,51,212,666,outbound_only,24.57,28.1,,
v4,250,,30023,4442.8,141623,648,97467,150.4,0.6016,406,3,42,197,648,outbound_only,24.21,27.4,,
v4,260,,30834,4464.8,149124,687,97463,141.9,0.5456,417,3,28,239,687,outbound_only,24.95,27.3,,
v4,270,,29589,4432.4,137105,633,97466,154.0,0.5703,433,3,25,172,633,outbound_only,23.77,26.4,,
v4,280,,30264,4450.7,141532,653,97464,149.3,0.5331,425,0,24,204,653,outbound_only,24.14,27.1,,
v4,290,,30747,4468.3,140943,656,97392,148.5,0.5119,450,1,17,188,656,outbound_only,24.39,27.9,,
v4,300,,31191,4477.4,145291,677,97465,144.0,0.4799,451,0,14,212,677,outbound_only,24.51,28.0,,
v4,310,,31093,4467.7,143535,676,97394,144.1,0.4648,454,1,7,214,676,outbound_only,24.61,28.1,,
v4,320,,31116,4475.2,141766,665,97389,146.4,0.4577,447,1,6,211,665,outbound_only,24.32,27.9,,
v4,330,,31287,4488.1,144039,675,97414,144.3,0.4373,456,1,5,213,675,outbound_only,24.71,27.9,,
v4,340,,30651,4459.6,139740,655,97260,148.5,0.4367,464,1,4,186,655,outbound_only,24.19,28.0,,
v4,350,,30755,4460.2,139227,652,97409,149.4,0.4269,462,0,3,187,652,outbound_only,24.12,27.9,,
v4,360,,31630,4489.1,143614,678,97227,143.4,0.3983,462,0,0,216,678,outbound_only,24.87,27.9,,
v4,370,,31659,4491.2,148606,701,96960,138.3,0.3738,458,0,0,243,701,outbound_only,24.82,27.9,,
v4,380,,31029,4475.6,140391,660,97330,147.5,0.3881,468,0,1,191,660,outbound_only,24.22,27.8,,
v4,390,,30852,4462.7,141021,663,97290,146.7,0.3763,455,0,2,206,663,outbound_only,24.47,27.9,,
v4,400,,30986,4479.3,142154,666,97354,146.2,0.3654,464,0,1,201,666,outbound_only,24.22,28.2,,
